key,corpus,name,rows,start,end,period_minutes,span_days,n_windows,labelled_points,labelled_fraction,probation_rows,value_mean,value_std,value_min,value_max
artificialNoAnomaly/art_daily_no_noise.csv,artificialNoAnomaly,art_daily_no_noise,4032,2014-04-01 00:00:00,2014-04-14 23:55:00,5.0,13.996527777777779,0,0,0.0,605,42.49996000001666,27.954349266176546,20.0,79.99996928
artificialNoAnomaly/art_daily_perfect_square_wave.csv,artificialNoAnomaly,art_daily_perfect_square_wave,4032,2014-04-01 00:00:00,2014-04-14 23:55:00,5.0,13.996527777777779,0,0,0.0,605,42.5,29.050977871775256,20.0,80.0
artificialNoAnomaly/art_daily_small_noise.csv,artificialNoAnomaly,art_daily_small_noise,4032,2014-04-01 00:00:00,2014-04-14 23:55:00,5.0,13.996527777777779,0,0,0.0,605,42.43835333580657,28.07712228126252,18.0009640187,87.97612832639999
artificialNoAnomaly/art_flatline.csv,artificialNoAnomaly,art_flatline,4032,2014-04-01 00:00:00,2014-04-14 23:55:00,5.0,13.996527777777779,0,0,0.0,605,45.0,0.0,45.0,45.0
artificialNoAnomaly/art_noisy.csv,artificialNoAnomaly,art_noisy,4032,2014-04-01 00:00:00,2014-04-14 23:55:00,5.0,13.996527777777779,0,0,0.0,605,13.489852983382738,3.153437555151999,8.0005810963,18.9964052577
realAWSCloudwatch/ec2_cpu_utilization_24ae8d.csv,realAWSCloudwatch,ec2_cpu_utilization_24ae8d,4032,2014-02-14 14:30:00,2014-02-28 14:25:00,5.0,13.996527777777779,2,402,0.09970238095238096,605,0.1263030753968254,0.09481284708142514,0.066,2.344
realAWSCloudwatch/ec2_cpu_utilization_53ea38.csv,realAWSCloudwatch,ec2_cpu_utilization_53ea38,4032,2014-02-14 14:30:00,2014-02-28 14:25:00,5.0,13.996527777777779,2,402,0.09970238095238096,605,1.8295550595238097,0.10145793792084977,1.604,2.656
realAWSCloudwatch/ec2_cpu_utilization_5f5533.csv,realAWSCloudwatch,ec2_cpu_utilization_5f5533,4032,2014-02-14 14:27:00,2014-02-28 14:22:00,5.0,13.996527777777779,2,402,0.09970238095238096,605,43.11037160218254,4.303564641024769,34.766,68.092
realAWSCloudwatch/ec2_cpu_utilization_77c1ca.csv,realAWSCloudwatch,ec2_cpu_utilization_77c1ca,4032,2014-04-02 14:25:00,2014-04-16 14:20:00,5.0,13.996527777777779,1,403,0.09995039682539683,605,10.518176091269842,26.92863403853026,0.064,99.898
realAWSCloudwatch/ec2_cpu_utilization_825cc2.csv,realAWSCloudwatch,ec2_cpu_utilization_825cc2,4032,2014-04-10 00:04:00,2014-04-24 00:09:00,5.0,14.003472222222221,1,343,0.08506944444444445,605,89.79126227678572,12.078707878067688,18.7225,99.118
realAWSCloudwatch/ec2_cpu_utilization_ac20cd.csv,realAWSCloudwatch,ec2_cpu_utilization_ac20cd,4032,2014-04-02 14:29:00,2014-04-16 14:49:00,5.0,14.01388888888889,1,403,0.09995039682539683,605,40.98508519345238,21.92115719885665,2.464,99.742
realAWSCloudwatch/ec2_cpu_utilization_c6585a.csv,realAWSCloudwatch,ec2_cpu_utilization_c6585a,4032,2014-04-02 14:29:00,2014-04-16 14:24:00,5.0,13.996527777777779,0,0,0.0,605,0.08694841269841272,0.08521157474669463,0.062,1.602
realAWSCloudwatch/ec2_cpu_utilization_fe7f93.csv,realAWSCloudwatch,ec2_cpu_utilization_fe7f93,4032,2014-02-14 14:27:00,2014-02-28 14:22:00,5.0,13.996527777777779,3,405,0.10044642857142858,605,5.77896378968254,11.811688561419597,1.8,99.668
realAWSCloudwatch/ec2_disk_write_bytes_1ef3de.csv,realAWSCloudwatch,ec2_disk_write_bytes_1ef3de,4719,2014-03-01 17:34:00,2014-03-18 03:39:00,5.0,16.42013888888889,1,473,0.10023310023310024,708,6596902.400974782,40431480.46840518,0.0,547457000.0
realAWSCloudwatch/ec2_disk_write_bytes_c0d644.csv,realAWSCloudwatch,ec2_disk_write_bytes_c0d644,4032,2014-04-02 14:25:00,2014-04-16 14:20:00,5.0,13.996527777777779,3,405,0.10044642857142858,605,17331273.319295634,79696644.73491414,0.0,863964000.0
realAWSCloudwatch/ec2_network_in_257a54.csv,realAWSCloudwatch,ec2_network_in_257a54,4032,2014-04-10 00:04:00,2014-04-24 00:09:00,5.0,14.003472222222221,1,403,0.09995039682539683,605,570809.8536954365,4607792.935295447,38516.6,245126000.0
realAWSCloudwatch/ec2_network_in_5abac7.csv,realAWSCloudwatch,ec2_network_in_5abac7,4719,2014-03-01 17:36:00,2014-03-18 03:41:00,5.0,16.42013888888889,2,474,0.10044500953591863,708,118991.211252384,776601.3169074018,42.0,8285420.0
realAWSCloudwatch/elb_request_count_8c0756.csv,realAWSCloudwatch,elb_request_count_8c0756,4032,2014-04-10 00:04:00,2014-04-24 00:39:00,5.0,14.024305555555555,2,402,0.09970238095238096,605,61.83705357142857,56.66470329405889,1.0,656.0
realAWSCloudwatch/grok_asg_anomaly.csv,realAWSCloudwatch,grok_asg_anomaly,4621,2014-01-16 00:00:00,2014-02-01 01:00:00,5.0,16.041666666666668,3,465,0.10062756979008873,694,27.684723438649645,13.144794768553062,0.0,45.6229
realAWSCloudwatch/iio_us-east-1_i-a2eb1cd9_NetworkIn.csv,realAWSCloudwatch,iio_us-east-1_i-a2eb1cd9_NetworkIn,1243,2013-10-09 16:25:00,2013-10-13 23:55:00,5.0,4.3125,2,126,0.10136765888978279,187,4615221.908447305,4534241.665066066,789781.0,61519397.0
realAWSCloudwatch/rds_cpu_utilization_cc0c53.csv,realAWSCloudwatch,rds_cpu_utilization_cc0c53,4032,2014-02-14 14:30:00,2014-02-28 14:30:00,5.0,14.0,2,402,0.09970238095238096,605,8.112208524305554,3.6525280649902654,5.19,25.1033
realAWSCloudwatch/rds_cpu_utilization_e47b3b.csv,realAWSCloudwatch,rds_cpu_utilization_e47b3b,4032,2014-04-10 00:02:00,2014-04-23 23:57:00,5.0,13.996527777777779,2,402,0.09970238095238096,605,18.93486755952381,5.605191488864249,12.628,76.23
realKnownCause/ambient_temperature_system_failure.csv,realKnownCause,ambient_temperature_system_failure,7267,2013-07-04 00:00:00,2014-05-28 15:00:00,60.0,328.625,2,726,0.09990367414338792,750,71.24243270828815,4.247509415248357,57.45840559,86.22321261
realKnownCause/cpu_utilization_asg_misconfiguration.csv,realKnownCause,cpu_utilization_asg_misconfiguration,18050,2014-05-14 01:14:00,2014-07-15 17:19:00,5.0,62.670138888888886,1,1499,0.08304709141274239,750,38.2827560498615,15.639293830231873,11.529000000000002,100.0
realKnownCause/ec2_request_latency_system_failure.csv,realKnownCause,ec2_request_latency_system_failure,4021,2014-03-07 03:41:00,2014-03-21 03:41:00,5.0,14.0,3,346,0.0860482467047998,604,45.15699378264113,2.2888743109125422,22.864,99.248
realKnownCause/machine_temperature_system_failure.csv,realKnownCause,machine_temperature_system_failure,22683,2013-12-02 21:15:00,2014-02-19 15:25:00,5.0,78.75694444444444,4,2268,0.09998677423621215,750,85.92217666683847,13.749251572243047,2.084721206,108.5105428
realKnownCause/nyc_taxi.csv,realKnownCause,nyc_taxi,10320,2014-07-01 00:00:00,2015-01-31 23:30:00,30.0,214.97916666666666,5,1035,0.1002906976744186,750,15137.569379844961,6939.495808067993,8.0,39197.0
realKnownCause/rogue_agent_key_hold.csv,realKnownCause,rogue_agent_key_hold,1882,2014-07-06 20:10:00,2014-07-25 08:55:00,5.0,18.53125,2,190,0.10095642933049948,283,0.039577705065355996,0.05654532878031403,0.0,0.8950121529999999
realKnownCause/rogue_agent_key_updown.csv,realKnownCause,rogue_agent_key_updown,5315,2014-07-06 20:10:00,2014-07-25 08:55:00,5.0,18.53125,2,530,0.09971777986829727,750,0.4882717367253058,5.370738157281989,0.0,288.207531
