detector,calibration,target_rate,n_series,window_recall_mean,window_recall_sd,pa_f1_mean,pa_f1_sd,pa_precision_mean,pa_recall_mean,point_f1_mean,point_recall_ceiling_mean,false_alarms_per_day_mean,false_alarms_per_day_sd,alerts_per_day_mean,actual_rate_mean,mttd_minutes_mean,mttd_window_fraction_mean,incident_precision_mean,nab_standard,nab_low_FP_rate,nab_low_FN_rate,control_false_alarms_per_day
A_rolling_zscore,budget,0.0005,22,0.2856060606060606,0.3728304242581676,0.32766779457957546,0.40107479947196595,0.4537394367796274,0.2802103660710278,0.002011563445590928,0.002538880158017056,0.03685943181516871,0.04443246856733662,0.06871052841392986,0.00027976208510765353,827.6666666666666,0.5394312907102873,0.4444444444444444,19.001858040181077,15.438305301224544,21.556794249009602,0.07760362868819329
B_iforest_raw,budget,0.0005,22,0.24772727272727274,0.36203040938023057,0.30228790834361363,0.40461234295788145,0.4086559373640713,0.26364972833218314,0.002423224208681308,0.002538880158017056,0.034239743435482854,0.04648010124085243,0.06386435011203483,0.00027976208510765353,1054.4444444444443,0.5223180364721378,0.4722222222222222,14.914849504663298,11.981516171329961,16.60989966977553,0.07760362868819329
C_iforest_contextual,budget,0.0005,22,0.29848484848484846,0.3567159545720828,0.3589296988850719,0.39105861757133376,0.4994301288646272,0.29852557671790464,0.002446782639038286,0.002538880158017056,0.03407277636213351,0.04553065752178135,0.06545722716354095,0.00027976208510765353,3013.181818181818,0.5315257038446205,0.5069444444444444,22.486595971184524,19.886075734958112,24.62069361041931,0.07760362868819329
A_rolling_zscore,budget,0.001,22,0.425,0.4336308502467442,0.47738976857989407,0.4588177922582925,0.5419785489605738,0.4411508704061895,0.00439766577881111,0.006904421567183631,0.12485150189069504,0.10484658464852395,0.19068470763492137,0.0007663603203478132,733.8888888888888,0.46801582758700316,0.3205519244734931,27.95195413567138,18.349579234381174,32.708710164521655,0.2069430098351821
B_iforest_raw,budget,0.001,22,0.38560606060606056,0.39715574272907594,0.459162709071958,0.4232978438454403,0.5879556856259668,0.40411215607784795,0.007015382440252239,0.006904421567183631,0.09258392641642255,0.10824906593208283,0.14729289930884998,0.0007663603203478132,2382.6923076923076,0.5074692091406579,0.4759259259259259,23.592352651394897,17.013264325056827,26.839346212041043,0.15520725737638658
C_iforest_contextual,budget,0.001,22,0.4575757575757576,0.39496591751450655,0.5359609848435327,0.4102465212906836,0.6772341550345234,0.47353894141372416,0.006057706367030426,0.006904421567183631,0.10226312613042023,0.10390922143979046,0.16316927395198388,0.0007663603203478132,2403.6666666666665,0.5414052797112576,0.44357298474945533,28.443666702940714,20.71069828659332,33.03651854270122,0.23281088606457986
A_rolling_zscore,budget,0.002,22,0.43636363636363634,0.4456621126085531,0.48200793592960206,0.4636903417588492,0.5369103215639851,0.4525145067698259,0.006084747778510626,0.015333912568277963,0.29913444090317914,0.20187467577995719,0.3787486141311076,0.0017087974437209148,684.9652777777778,0.4475126675919255,0.19288605872971196,17.993967137268857,-3.9174780835074885,26.81079290632738,0.45174573234931614
B_iforest_raw,budget,0.002,22,0.46136363636363636,0.399118949119101,0.5414171906081477,0.415600096246214,0.6733041150345529,0.4837248275192109,0.012656727659107254,0.015333912568277963,0.21355126805568003,0.2088941126459444,0.2966838891026286,0.0017087974437209148,2101.5,0.4936211192545605,0.3886363636363636,24.142249209434663,10.46192926881077,30.16890688036384,0.3224063512023273
C_iforest_contextual,budget,0.002,22,0.6068181818181818,0.40101257718566274,0.6655025223374407,0.40030045251278984,0.7618988354621007,0.6176140859223946,0.01108923868858094,0.015333912568277963,0.22063621043969664,0.189870586895,0.342787261926729,0.0017087974437209148,2226.9607843137255,0.5391746336685305,0.3630022265316383,32.519607499017525,15.61279411219319,40.93899759193761,0.4905475466934128
A_rolling_zscore,budget,0.005,22,0.6106060606060606,0.43745129599034954,0.6569411493857995,0.43408749533931823,0.697399997836386,0.641259473923884,0.014318237880524547,0.04251398196673075,0.7963777518456765,0.4384225806596185,0.9684005971122794,0.004720857606518075,485.9635416666667,0.38594150356820717,0.160440672727544,-1.0467754370066649,-57.29592162162592,19.302149708662213,1.186153899891718
B_iforest_raw,budget,0.005,22,0.5446969696969697,0.3967922424822387,0.6143093433806349,0.38873037762228396,0.7485175949912803,0.5579846311187905,0.03114576410169291,0.04251398196673075,0.5535503446015816,0.4873437540966829,0.7323478102822478,0.004720857606518075,1845.4901960784314,0.4553083823569403,0.3311232538505266,13.882167937166892,-20.151659806630633,26.291815661814955,0.7602760437717998
C_iforest_contextual,budget,0.005,22,0.7621212121212121,0.3635939729981469,0.8051563512953472,0.34420178545567376,0.8370847945294589,0.7901398312559458,0.02391438354675006,0.04251398196673075,0.6512701269022084,0.45842236868151715,0.8601038435628897,0.004720857606518075,1532.280701754386,0.46187669426984956,0.24952507079192732,22.50079709891656,-22.961939413408587,40.18571658446289,1.2120217761211158
A_rolling_zscore,budget,0.01,22,0.7848484848484848,0.3275251551754877,0.8112643671217579,0.28836726449037886,0.835823441944557,0.804528733577029,0.02455774173433921,0.08781436126220345,1.6727589456671355,0.9035046683506643,1.9839763542516315,0.009725532229926353,610.8125,0.30910500764492777,0.15272323415016026,-39.352919143556484,-152.95328294366996,-0.309353503111738,2.1931168695079415
B_iforest_raw,budget,0.01,22,0.7189393939393939,0.3121141196184877,0.7973230764133775,0.2531925961466361,0.8959524498257422,0.7541712018082021,0.06852791256273458,0.08781436126220345,1.0337752812379488,0.9190839219075481,1.3423035075895795,0.009725532229926353,1522.6984126984128,0.41227756509756963,0.34987821215794745,-0.2928344552135719,-64.4031028467901,22.02699925207984,1.3801629716122013
C_iforest_contextual,budget,0.01,22,0.8,0.3295017884191656,0.8286116908091755,0.29292734490006267,0.844591041288432,0.8292900749516441,0.036000274804760944,0.08781436126220345,1.45334714095502,0.8988043457289815,1.7834675972961846,0.009725532229926353,700.5833333333333,0.35202100204507614,0.18634890350956532,-18.57145260536297,-112.33176774494007,14.285698263091348,2.114571139154603
A_rolling_zscore,budget,0.02,22,0.8454545454545456,0.3188181639195321,0.8185503746974443,0.27461071186640906,0.7825828052383745,0.86640625,0.03883682361617582,0.17974831187871418,3.3514887621153098,1.7638891678371738,3.9008058713002756,0.019821733256402022,462.4791666666667,0.22717515935767016,0.1309835052860693,-139.75124112841306,-362.02770479306105,-65.01934593746059,3.958471679565675
B_iforest_raw,budget,0.02,22,0.7598484848484848,0.3043189590873839,0.8017477299090454,0.2463857845155639,0.8441807268897581,0.7915449391819395,0.12298709279989732,0.17974831187871418,1.956679233530226,1.8834054589220344,2.387373073888868,0.019821733256402022,1506.626984126984,0.3760838459800457,0.31163086399142975,-52.03823187183358,-174.73113194763738,-10.247710136777947,2.4647295699166176
C_iforest_contextual,budget,0.02,22,0.8681818181818183,0.26972007294400197,0.8613693023923763,0.21509284931662542,0.8295247135775446,0.9013781431334622,0.06325892615555247,0.17974831187871418,2.809362592417823,1.6670942661105725,3.41954307881413,0.019821733256402022,528.9484126984127,0.27213319134502273,0.1807341862370754,-91.23440960478074,-264.4599868307924,-32.67479158837236,3.2369974501379724
A_rolling_zscore,budget,0.05,22,0.9772727272727273,0.10660035817780522,0.8315442547642548,0.04703320547657499,0.7160591152502789,0.9943181818181818,0.06876205959773939,0.4519662407870577,8.021444871277694,4.252116371176513,9.034371758582106,0.049831022822255155,294.15909090909093,0.17649342796236567,0.11091568638847761,-432.52715087090724,-961.6381579848564,-255.75884132134556,8.961766041426525
B_iforest_raw,budget,0.05,22,0.8636363636363636,0.22792115291927587,0.7933396036927628,0.14763195871503232,0.7380989877893835,0.880453403380539,0.1894230281148433,0.4519662407870577,4.07625273098633,4.167664610430507,4.849612149297606,0.049831022822255155,1335.1666666666667,0.32085067251892585,0.2610155781300291,-170.80305967439034,-423.36666742313037,-85.72055830144541,4.855623917805621
C_iforest_contextual,budget,0.05,22,0.9227272727272727,0.17709781580707412,0.814119040908981,0.11182168432506698,0.7184917465119002,0.9433080808080807,0.11396649320178837,0.4519662407870577,5.736558611296272,3.39366239732404,6.780651212584902,0.049831022822255155,321.42045454545456,0.22560069256251342,0.1512395611780797,-251.30555158195543,-591.8283833872421,-137.1666640175999,5.284072593723647
A_rolling_zscore,train,0.0005,22,0.46136363636363636,0.4385940248278795,0.5097324444668092,0.44879699585407434,0.5561317984074766,0.49455996131528046,0.010307841504171213,0.06128095182016757,0.7754764407894942,1.509387833386711,0.8973693406372512,0.0059942945896517665,774.2948717948718,0.5054296398214176,0.2910396583315562,11.49528467993275,-18.869728068710927,23.219078675510712,0.16719909382594073
B_iforest_raw,train,0.0005,22,0.6621212121212121,0.3909418087586666,0.6121329493779905,0.3619103845520956,0.6328360030863325,0.6778952108497562,0.08723068847375538,0.30231979052653535,1.1919100901779394,2.0899577576672694,1.4024306262563337,0.07813468964508861,1771.1574074074074,0.44068559189189305,0.3647782857288078,-37.27548178225057,-127.23120501086838,-5.591061928907779,0.1293393811469888
C_iforest_contextual,train,0.0005,22,0.6621212121212121,0.39094180875866663,0.701577867802759,0.3644895071245896,0.7544052153046459,0.6938176664546668,0.029296265405158353,0.1195726554380542,0.997077015130484,1.555924328723242,1.234527794121804,0.014593978656044755,1949.9074074074076,0.48516586736885287,0.3212079229898385,-18.284607714414072,-96.61737372900653,10.032483745946163,0.5173575245879553
A_rolling_zscore,train,0.001,22,0.46136363636363636,0.4385940248278795,0.5080740507073941,0.4472688784282311,0.5524769150022268,0.49455996131528046,0.011476621066372534,0.06593317638475354,0.8846538453723555,1.665062503512476,1.0312310489741836,0.006516661765104126,765.8333333333334,0.5004813717152549,0.22457811035432432,7.250384894437813,-27.376555017952896,20.38914548518075,0.23186878439943515
B_iforest_raw,train,0.001,22,0.6621212121212121,0.3909418087586666,0.608356174561179,0.36006368440777203,0.625135778575838,0.6778952108497562,0.08903297787459132,0.31411428111799344,1.377055695726363,2.5286714972483213,1.614828406364466,0.07966019908048377,1752.6851851851852,0.4311576609584425,0.33897506723506793,-55.45892982684825,-163.7722070091299,-17.713360625306233,0.18107513360578434
C_iforest_contextual,train,0.001,22,0.7000000000000001,0.40118870990143896,0.7238661001728731,0.37228019778090593,0.7495139405676411,0.7331963249516441,0.030541161286834106,0.12741025349515464,1.1873054945691055,1.812063173595562,1.449959143280867,0.015475309424042004,1948.0092592592591,0.48226268589424287,0.26962338666691676,-28.89816599061798,-122.11773601496044,4.438259709958375,0.543225400817353
A_rolling_zscore,train,0.002,22,0.5310606060606061,0.42700803105545754,0.5767712751192747,0.42620867514891825,0.6309517064714825,0.5617140193784295,0.013692343809874264,0.07893236876349938,1.184368276835432,2.1075821698697492,1.3575427006956795,0.007943539174542406,619.8888888888889,0.43904881566547505,0.21165935705648187,-0.5797469039697805,-50.28705695181467,17.391279841797914,0.3224063512023273
B_iforest_raw,train,0.002,22,0.7075757575757575,0.36773751539770894,0.6495738484521563,0.32757393065574125,0.6578737937320969,0.7395006267104912,0.0965273763990277,0.333339291216951,1.7530929935794826,3.2508584700899434,2.024320462468394,0.0858062452576533,1631.951754385965,0.4221243573380126,0.31304458716345845,-86.89775822703366,-233.4103253219927,-36.45035733654096,0.6596308438496429
C_iforest_contextual,train,0.002,22,0.7909090909090909,0.33793362395466686,0.8104623438605987,0.293989331051213,0.8313385956297826,0.824105415860735,0.03491221137287984,0.1397470441050791,1.4308465936978387,2.0548222823807643,1.743919202827511,0.016896085441710493,1847.875,0.4638691270665557,0.2861573317015393,-41.435340609726,-151.74593792134203,-2.438375221298825,0.7243005344231374
A_rolling_zscore,train,0.005,22,0.5878787878787879,0.4291674547128477,0.6194148610397613,0.41521288361252484,0.6510371180536627,0.6185322011966113,0.01690915032531499,0.10131400180239711,1.6038240503145398,2.3600199927744683,1.8319379037617756,0.010279301406095587,553.671875,0.4067011994164428,0.16538216573190637,-26.365876656755724,-107.77865014466667,2.4227488954961722,0.9782687883913913
B_iforest_raw,train,0.005,22,0.7984848484848485,0.33293265962376817,0.6803209060755991,0.2963344883528344,0.6386520317965944,0.8304097176195822,0.1233638897794516,0.4489547493041616,2.5544384663519675,3.52598441947501,2.995487066073599,0.10728443029944304,985.9583333333334,0.3353718396208296,0.24601626998865853,-117.65178125698596,-306.00479123134664,-53.99007639354619,0.8536399155701261
C_iforest_contextual,train,0.005,22,0.890909090909091,0.20681045130883197,0.8763167312205784,0.13181146129173849,0.8515664914186398,0.9276407693960885,0.058828962222880296,0.2366831769446815,2.843752586940553,3.7449247095529725,3.3284496648651856,0.027513767354042495,1364.2045454545455,0.42065998861349246,0.2476860583845067,-112.71990857765728,-306.30513847839546,-46.25771682954931,1.2804598733551893
A_rolling_zscore,train,0.01,22,0.6939393939393939,0.4203345056988501,0.6858120260261281,0.3950382359824192,0.6752484863009577,0.7097133926679381,0.023019447947027705,0.1448296031143202,2.2909559851701142,2.4593503688815055,2.6264577036806878,0.015167558062157587,1044.0441176470588,0.3027531461573838,0.11657278077759538,-53.685642394515455,-175.82627253946941,-12.086724559306612,1.688693283034685
B_iforest_raw,train,0.01,22,0.9,0.19760470401187075,0.7320219687961361,0.2038337080525037,0.6684919863574991,0.9292900749516441,0.15173896061201625,0.540095981442321,3.4762231105235837,3.859874112966505,4.039556153073064,0.132982482674674,491.8560606060606,0.29954493857297704,0.2303832926850301,-151.90320844925012,-385.63996353669233,-73.12065748468527,1.3930969097269001
C_iforest_contextual,train,0.01,22,0.890909090909091,0.20681045130883197,0.837591400054124,0.15206892243555709,0.7858286865383597,0.9276407693960885,0.08631422698962987,0.33929700880403496,4.1962945111162115,4.8042747060174325,4.978497201794777,0.04530726441123063,611.3825757575758,0.28538017159241325,0.23009214704727007,-178.4083702847216,-441.1899144749902,-90.05002463425885,1.8467268454065058
A_rolling_zscore,train,0.02,22,0.9,0.25071326821120343,0.8396293122737627,0.2093878166080004,0.7773083390732317,0.920580808080808,0.04189003210363081,0.25064081244614195,4.125767581507088,2.8599595763281522,4.739369997127047,0.02700128493591161,375.0992063492064,0.2156095908644058,0.12050976154977561,-158.94917066000679,-404.2276861093162,-76.33648414370822,3.3884363008537797
B_iforest_raw,train,0.02,22,0.9318181818181818,0.17562504332855222,0.6988908922536267,0.2056809851037063,0.5901531967658097,0.965014506769826,0.16935802498220248,0.6610368182138936,5.441883756937778,5.17477878831754,6.310554212421767,0.16280241279673513,444.6363636363636,0.23237510888751142,0.19100323558943402,-234.8270050013285,-556.5418163701567,-126.92170703792272,2.0369675104664102
C_iforest_contextual,train,0.02,22,0.9136363636363637,0.18846612565519705,0.7762639230997148,0.15342047396426467,0.681065841443591,0.9468326885880077,0.13047232389126176,0.5596994382147135,6.463251156238808,5.793498727835411,7.4997334666858055,0.07804374758711458,433.75,0.20287096591137896,0.17416068379066332,-285.857372209864,-659.1295881175434,-160.94195184361305,3.4152462787483224
A_rolling_zscore,train,0.05,22,0.9545454545454546,0.1471224715841249,0.8052269552434915,0.06707600975913715,0.6932905639404805,0.9754971590909091,0.07278383103159021,0.5007066117220105,8.715525364990306,4.894072600301986,9.81331356209296,0.05569000236550273,242.92803030303028,0.13444485322675262,0.11304194290960137,-428.9110956137898,-952.5934364050129,-254.08887855734136,8.107184024191254
B_iforest_raw,train,0.05,22,0.9545454545454546,0.1471224715841249,0.615712576440944,0.18034380711833142,0.47349290673749866,0.9715909090909091,0.1978992564986995,0.8518481757116462,8.107539782718739,6.5155287994739455,9.21185253023671,0.21180618691843983,238.56060606060603,0.15473008561132648,0.16379866944362279,-383.70881047078115,-857.1091951733879,-225.43550327681706,4.993873345209402
C_iforest_contextual,train,0.05,22,0.9681818181818183,0.11291110551632086,0.6171451728044053,0.16477660071272252,0.4733969265434073,0.9681818181818183,0.19973620858691377,0.8789924648476842,10.178257515617453,6.535253820149575,11.464641305527593,0.19059269563282413,179.28030303030303,0.08912688984637787,0.12172267678681972,-508.7341796837499,-1112.0028833400297,-307.30426793731476,7.96088681307166
